{"main":"american-flights-api2.raml","name":"American Flights API2","organizationId":"30f8e301-fdd5-4123-a1cf-24f4504465e1","groupId":"30f8e301-fdd5-4123-a1cf-24f4504465e1","assetId":"american-flights-api2","version":"1.0.4","metadata":{"branchId":"master","commitId":"bd7fa10909e3b3c9d6e21b44169e5ed3ae28bfc5","projectId":"42b280d8-c8a7-4828-a745-9756ff4ca75e"},"apiVersion":"v1","classifier":"raml","dependencies":[{"assetId":"training-american-flight-data-type","groupId":"68ef9520-24e9-4cf2-b2f5-620025690913","version":"1.0.1"},{"assetId":"training-american-flights-example","groupId":"68ef9520-24e9-4cf2-b2f5-620025690913","version":"1.0.1"}],"tags":[],"originalFormatVersion":"1.0"}